model,true_class,predicted_class,count
ArcFace+LR,Neutral,Happy,15
ArcFace+LR,Neutral,Sad,14
ArcFace+LR,Neutral,Fear,8
ArcFace+LR,Neutral,Surprise,6
ArcFace+LR,Happy,Surprise,5
ArcFace+LR,Sad,Neutral,5
ArcFace+LR,Happy,Neutral,4
ArcFace+LR,Surprise,Happy,4
ArcFace+LR,Happy,Fear,3
ArcFace+LR,Happy,Sad,3
ArcFace+LR,Sad,Happy,3
ArcFace+LR,Fear,Happy,3
ArcFace+LR,Fear,Neutral,2
ArcFace+LR,Surprise,Neutral,2
ArcFace+LR,Fear,Sad,2
ArcFace+LR,Sad,Surprise,1
HSEmotion,Neutral,Angry,18
HSEmotion,Neutral,Fear,13
HSEmotion,Happy,Fear,12
HSEmotion,Happy,Neutral,8
HSEmotion,Happy,Angry,8
HSEmotion,Sad,Angry,6
HSEmotion,Sad,Fear,4
HSEmotion,Surprise,Neutral,3
HSEmotion,Neutral,Sad,3
HSEmotion,Fear,Angry,3
HSEmotion,Fear,Neutral,2
HSEmotion,Surprise,Angry,2
HSEmotion,Sad,Neutral,1
HSEmotion,Surprise,Fear,1
HSEmotion,Surprise,Sad,1
HSEmotion,Fear,Sad,1
