model,ground_truth,n,correct,incorrect,accuracy,error_rate
ArcFace+LR,Fear,7,0,7,0.0,1.0
ArcFace+LR,Happy,32,17,15,0.53125,0.46875
ArcFace+LR,Neutral,76,33,43,0.4342105263157895,0.5657894736842105
ArcFace+LR,Sad,12,3,9,0.25,0.75
ArcFace+LR,Surprise,8,2,6,0.25,0.75
HSEmotion,Fear,7,1,6,0.14285714285714285,0.8571428571428571
HSEmotion,Happy,32,4,28,0.125,0.875
HSEmotion,Neutral,76,42,34,0.5526315789473685,0.4473684210526316
HSEmotion,Sad,12,1,11,0.08333333333333333,0.9166666666666666
HSEmotion,Surprise,8,1,7,0.125,0.875
