group,feature,count,mean,median,std
Angry,brow_lowering_distance,28,0.1310937189089012,0.13154890631992694,0.06149551025435186
Angry,lip_corner_distance,28,0.5572766588197166,0.5645354500504143,0.09667584363598511
Angry,mouth_openness,28,0.03608691779596022,0.0142367183155615,0.04790644223198777
Angry,inter_ocular_distance,28,44.90287363529205,42.85657501220703,24.415935053837362
Neutral,brow_lowering_distance,29,0.14708414685476354,0.1502966089217577,0.06146865491552665
Neutral,lip_corner_distance,29,0.5449724568057274,0.5407713551542898,0.06934201353645646
Neutral,mouth_openness,29,0.044648503521125475,0.0285433235723552,0.04949323926586046
Neutral,inter_ocular_distance,29,44.87776532666437,38.3634147644043,27.864220406824828
Anger|Dark,brow_lowering_distance,11,0.1460223214324562,0.1486687224615977,0.07276089679471572
Anger|Dark,lip_corner_distance,11,0.5215676777433682,0.5526319911437362,0.11249668350545372
Anger|Dark,mouth_openness,11,0.04986383266634056,0.0120903937218815,0.06609113669309509
Anger|Dark,inter_ocular_distance,11,41.49722511118109,33.35857009887695,24.7294051089194
Fear|Dark,brow_lowering_distance,8,0.17023185198971208,0.18037451926664871,0.07076657985317825
Fear|Dark,lip_corner_distance,8,0.4784767137031801,0.4885259395794124,0.08666181773569424
Fear|Dark,mouth_openness,8,0.030924477367447314,0.01904444501608495,0.026954989836743166
Fear|Dark,inter_ocular_distance,8,29.15443789958954,23.641450881958008,14.915632607431544
Happiness|Dark,brow_lowering_distance,3,0.21708549359077114,0.2283070166464614,0.03560981814005876
Happiness|Dark,lip_corner_distance,3,0.6554075985179318,0.6272868700068428,0.08580008894124136
Happiness|Dark,mouth_openness,3,0.060911752220624636,0.0634158211524463,0.04063294369342185
Happiness|Dark,inter_ocular_distance,3,77.35398610432942,74.7952880859375,14.592485156694964
Neutral|Dark,brow_lowering_distance,25,0.15108697487762698,0.1524830889018513,0.06303338129117443
Neutral|Dark,lip_corner_distance,25,0.5408009576569911,0.5407713551542898,0.062424739944266186
Neutral|Dark,mouth_openness,25,0.04834490944856453,0.0293706265428457,0.05233098685792408
Neutral|Dark,inter_ocular_distance,25,45.13504661560059,38.3634147644043,29.59191181907519
Sadness|Dark,brow_lowering_distance,2,0.18616214823114263,0.18616214823114263,0.039434881061631594
Sadness|Dark,lip_corner_distance,2,0.5483977734380627,0.5483977734380627,0.031979890865388924
Sadness|Dark,mouth_openness,2,0.037484820015192905,0.037484820015192905,0.05182736381374914
Sadness|Dark,inter_ocular_distance,2,67.39653396606445,67.39653396606445,25.08961835488697
Surprise|Dark,brow_lowering_distance,1,0.2443769407610363,0.2443769407610363,
Surprise|Dark,lip_corner_distance,1,0.5506272751005094,0.5506272751005094,
Surprise|Dark,mouth_openness,1,0.3117444930338041,0.3117444930338041,
Surprise|Dark,inter_ocular_distance,1,80.86591339111328,80.86591339111328,
