metric,value
overall_accuracy_before,0.22466960352422907
overall_accuracy_after,0.19823788546255505
overall_accuracy_delta,-0.02643171806167402
false_angry_rate_before,0.1762114537444934
false_angry_rate_after,0.18061674008810572
false_angry_rate_delta,0.0044052863436123135
label_changed_ratio,0.2555066079295154
false_angry_before_confidence_down_rate,0.4
false_angry_before_label_changed_rate,0.15
accuracy_before_Dark,0.27672955974842767
accuracy_after_Dark,0.25157232704402516
accuracy_before_Medium-Dark,0.1076923076923077
accuracy_after_Medium-Dark,0.07692307692307693
accuracy_before_Medium-Light,0.0
accuracy_after_Medium-Light,0.0
false_angry_before_Dark,0.1069182389937107
false_angry_after_Dark,0.11320754716981132
false_angry_before_Medium-Dark,0.35384615384615387
false_angry_after_Medium-Dark,0.35384615384615387
false_angry_before_Medium-Light,0.0
false_angry_after_Medium-Light,0.0
