face_filename,dataset_filename,label,skin_tone,L_weighted,brow_lowering_distance,lip_corner_distance,mouth_openness,inter_ocular_distance,iod_px
frame_000008_face01.jpg,img_000001.jpg,Fear,Dark,20.162621688842773,0.12082011085061507,0.5722370182452233,0.0009892523561354028,25.126619338989258,25.126619338989258
frame_000009_face01.jpg,img_000004.jpg,Anger,Dark,43.753909301757815,0.15839122381937146,0.5296068105049647,0.0006905606956323755,23.85840606689453,23.85840606689453
frame_000009_face04.jpg,img_000007.jpg,Fear,Dark,31.75192222595215,0.16259440527955912,0.43893054166340617,0.012869876594670253,22.156282424926758,22.156282424926758
frame_000010_face01.jpg,img_000008.jpg,Fear,Dark,65.30567893981933,0.28131422184149757,0.5677279110784169,0.021235699217868463,14.761054039001465,14.761054039001465
frame_000010_face02.jpg,img_000009.jpg,Anger,Medium-Dark,100.61844024658203,0.14406399949752913,0.5707667767073342,0.022186274011161543,27.938108444213867,27.938108444213867
frame_000010_face05.jpg,img_000012.jpg,Fear,Dark,52.4064208984375,0.18610163681532413,0.4763991153292668,0.007994392446099114,19.240991592407227,19.240991592407227
frame_000011_face01.jpg,img_000015.jpg,Anger,Medium-Dark,104.3707145690918,0.15799202435014256,0.5549660705787649,0.08654857837842447,26.16788673400879,26.16788673400879
frame_000011_face02.jpg,img_000016.jpg,Neutral,Dark,66.69188537597657,0.20608601891126085,0.6238006169177255,0.059822211499878146,19.3697452545166,19.3697452545166
frame_000012_face01.jpg,img_000022.jpg,Fear,Dark,42.492840957641604,0.18940248611468474,0.500652763829558,0.016853190814301564,44.52187728881836,44.52187728881836
frame_000012_face02.jpg,img_000023.jpg,Anger,Medium-Dark,106.99052810668945,0.18830335041558474,0.5876382796886984,0.06083430601379234,21.454099655151367,21.454099655151367
frame_000012_face03.jpg,img_000024.jpg,Neutral,Dark,68.7460220336914,0.18109192692535306,0.6278385407720677,0.07973326276579694,15.157693862915039,15.157693862915039
frame_000012_face05.jpg,img_000026.jpg,Neutral,Dark,52.10080986022949,0.2173645872461238,0.6441381325157505,0.07088613586503986,29.496713638305664,29.496713638305664
frame_000013_face01.jpg,img_000032.jpg,Sadness,Dark,54.91668891906738,0.158277476417178,0.571010971130585,0.07413230041891727,49.655494689941406,49.655494689941406
frame_000013_face02.jpg,img_000033.jpg,Anger,Medium-Dark,105.30049133300781,0.16420369268763826,0.592913295697186,0.017292490344972763,20.81236457824707,20.81236457824707
frame_000013_face04.jpg,img_000035.jpg,Neutral,Dark,90.96725387573242,0.16619529849709272,0.45062525068095105,0.01398939677564976,35.770259857177734,35.770259857177734
frame_000013_face05.jpg,img_000036.jpg,Fear,Medium-Dark,111.86268768310546,0.20665799000228555,0.50505009951321,0.11650159747135436,24.58523941040039,24.58523941040039
frame_000014_face01.jpg,img_000039.jpg,Anger,Dark,92.70832748413086,0.1833816720229477,0.5526319911437362,0.19066135497311804,21.43161964416504,21.43161964416504
frame_000014_face04.jpg,img_000042.jpg,Anger,Medium-Dark,104.17348098754883,0.1303393510113871,0.5899265305657109,0.012194255158028846,21.414287567138672,21.414287567138672
frame_000014_face05.jpg,img_000043.jpg,Neutral,Dark,67.07683715820312,0.14841405208479802,0.5603147985571307,0.00272138740767481,17.932552337646484,17.932552337646484
frame_000014_face06.jpg,img_000044.jpg,Anger,Dark,94.79940948486328,0.23127925112544684,0.48669001248635035,0.0032485780895483676,33.35857009887695,33.35857009887695
frame_000015_face01.jpg,img_000046.jpg,Neutral,Dark,73.99429244995117,0.1769681840450522,0.5339960658885244,0.10076587282913925,39.64108657836914,39.64108657836914
frame_000015_face02.jpg,img_000047.jpg,Fear,Medium-Dark,103.44868698120118,0.13822010576755245,0.5820064206563011,0.04550719904125159,21.04642105102539,21.04642105102539
frame_000015_face03.jpg,img_000048.jpg,Neutral,Dark,96.84002990722657,0.13604989506722748,0.5103812290360227,0.061738822270917655,52.378448486328125,52.378448486328125
frame_000016_face01.jpg,img_000052.jpg,Neutral,Dark,73.96427307128906,0.17826941715400987,0.4635726849429025,0.03244113225967185,38.3634147644043,38.3634147644043
frame_000016_face03.jpg,img_000054.jpg,Neutral,Dark,98.83571090698243,0.17293938596487524,0.4991437402133743,0.017276924071202494,45.154361724853516,45.154361724853516
frame_000017_face01.jpg,img_000056.jpg,Anger,Dark,77.88030471801758,0.08776037659559523,0.5780438299470142,0.007375655632417678,36.49267578125,36.49267578125
frame_000017_face02.jpg,img_000057.jpg,Neutral,Dark,51.81530685424805,0.09301206672877124,0.5411305395521125,0.011601843411714031,29.70453643798828,29.70453643798828
frame_000017_face04.jpg,img_000059.jpg,Neutral,Dark,78.90221557617187,0.11021783117707279,0.5700708002716061,0.010867100238221418,17.35114860534668,17.35114860534668
frame_000017_face05.jpg,img_000060.jpg,Neutral,Dark,92.90550994873047,0.1637938565324418,0.4770795397253514,0.008542222363972922,43.536521911621094,43.536521911621094
frame_000018_face01.jpg,img_000063.jpg,Neutral,Dark,56.309316635131836,0.06744835291511321,0.5727461555284538,0.07523647345575035,32.251522064208984,32.251522064208984
frame_000018_face02.jpg,img_000064.jpg,Anger,Dark,82.77259368896485,0.12935023646534446,0.2061370814615163,0.03916871399544725,5.803847789764404,5.803847789764404
frame_000018_face04.jpg,img_000066.jpg,Neutral,Dark,97.4164436340332,0.1902061124295971,0.45387020592398647,0.005817349846862256,34.413490295410156,34.413490295410156
frame_000019_face02.jpg,img_000071.jpg,Neutral,Dark,49.13655090332031,0.04437542701549567,0.4931406140916686,0.010245110679854093,32.752052307128906,32.752052307128906
frame_000020_face01.jpg,img_000078.jpg,Anger,Dark,52.95597953796387,0.11276757502121891,0.5206845368580878,0.051298072701394574,30.6049861907959,30.6049861907959
frame_000021_face01.jpg,img_000087.jpg,Neutral,Dark,54.490570831298825,0.1524830889018513,0.5177685856719937,0.02937062654284571,26.414104461669922,26.414104461669922
frame_000021_face03.jpg,img_000089.jpg,Fear,Dark,84.40682220458984,0.21068603556262883,0.5090926804162775,0.06708943770101389,18.070524215698242,18.070524215698242
frame_000021_face07.jpg,img_000093.jpg,Neutral,Medium-Dark,107.99801559448242,0.19530046900897108,0.4404036743323851,0.033599492848396174,27.283103942871094,27.283103942871094
frame_000022_face01.jpg,img_000095.jpg,Neutral,Dark,79.6465675354004,0.15029660892175772,0.5621681691584464,0.02174630127278976,19.885408401489258,19.885408401489258
frame_000022_face09.jpg,img_000103.jpg,Neutral,Dark,29.92503604888916,0.23844817363456036,0.6244472086334273,0.19478577248360962,150.6269989013672,150.6269989013672
frame_000034_face01.jpg,img_000106.jpg,Sadness,Medium-Dark,129.49818115234376,0.10779395575649722,0.5904933719886103,0.10140246723790222,76.70590209960938,76.70590209960938
frame_000034_face02.jpg,img_000107.jpg,Anger,Medium-Dark,118.79595947265625,0.07005590728282012,0.6601941798915567,0.014603517713337597,57.70769119262695,57.70769119262695
frame_000034_face03.jpg,img_000108.jpg,Anger,Medium-Dark,127.60337677001954,0.12519718536492916,0.5675473911654244,0.006674672717776454,43.19420623779297,43.19420623779297
frame_000034_face04.jpg,img_000109.jpg,Fear,Medium-Dark,120.15904083251954,0.11086363933721825,0.48162182684645477,0.012011730192453367,41.86797332763672,41.86797332763672
frame_000035_face01.jpg,img_000110.jpg,Sadness,Medium-Dark,127.06275787353516,0.15541452169661038,0.7377843372542661,0.0225437400393663,86.18905639648438,86.18905639648438
frame_000035_face02.jpg,img_000111.jpg,Anger,Medium-Dark,122.71492614746094,0.12150539201900273,0.5107344084011946,0.005566213999905327,46.579185485839844,46.579185485839844
frame_000035_face04.jpg,img_000113.jpg,Anger,Medium-Dark,120.20767059326172,0.06732714752592608,0.5457351686845711,0.002311926967341185,37.527774810791016,37.527774810791016
frame_000036_face01.jpg,img_000114.jpg,Anger,Medium-Dark,119.14537963867187,0.13275846162846688,0.7200417174821901,0.0013451581619106337,108.50048828125,108.50048828125
frame_000036_face02.jpg,img_000115.jpg,Anger,Medium-Dark,119.74665222167968,0.12099269047303216,0.5317082728397872,0.0019070729885819827,47.018795013427734,47.018795013427734
frame_000036_face03.jpg,img_000116.jpg,Neutral,Medium-Dark,116.24631195068359,0.10939941498408039,0.6658445577795451,0.01439488737206682,44.56618881225586,44.56618881225586
frame_000037_face01.jpg,img_000117.jpg,Happiness,Medium-Dark,122.8815185546875,0.13736156624406107,0.7434765704501451,0.011416233484966622,104.92475128173828,104.92475128173828
frame_000038_face01.jpg,img_000119.jpg,Anger,Medium-Dark,123.13942108154296,0.21770028664551888,0.6879465836877839,0.04968496978370062,100.32418060302734,100.32418060302734
frame_000041_face01.jpg,img_000126.jpg,Fear,Medium-Dark,131.83826293945313,0.10178422556314877,0.51836031205908,0.00417092528663408,47.26248550415039,47.26248550415039
frame_000041_face02.jpg,img_000127.jpg,Neutral,Dark,54.76388931274414,0.10762158332444446,0.5407713551542898,0.030728405478105826,60.367706298828125,60.367706298828125
frame_000042_face01.jpg,img_000130.jpg,Anger,Medium-Dark,124.68421173095703,0.1536603022713287,0.6835025991667893,0.03034709099330753,42.86672592163086,42.86672592163086
frame_000042_face03.jpg,img_000132.jpg,Fear,Dark,93.20074996948242,0.17464740171797338,0.2978257674233484,0.05655266941563379,31.53280258178711,31.53280258178711
frame_000043_face01.jpg,img_000133.jpg,Happiness,Dark,86.8961555480957,0.22830701664646144,0.6272868700068428,0.10023475123937414,64.21007537841797,64.21007537841797
frame_000043_face02.jpg,img_000134.jpg,Anger,Medium-Dark,105.34538116455079,0.15092224107818306,0.4857269892902673,0.013869918917785566,42.8464241027832,42.8464241027832
frame_000043_face04.jpg,img_000136.jpg,Neutral,Dark,63.61780624389648,0.08987989002198811,0.4200342804680704,0.006418363342557245,49.93535232543945,49.93535232543945
frame_000043_face05.jpg,img_000137.jpg,Neutral,Dark,65.14830093383789,0.3431006106257262,0.5910098829634025,0.1460838828986045,96.07684326171875,96.07684326171875
frame_000044_face01.jpg,img_000138.jpg,Happiness,Dark,87.17431716918945,0.24573282910874897,0.5871966206589274,0.019084684270053515,74.7952880859375,74.7952880859375
frame_000044_face02.jpg,img_000139.jpg,Neutral,Dark,46.29085121154785,0.08193586492293495,0.5222339544019466,0.028024964604629363,47.164554595947266,47.164554595947266
frame_000045_face01.jpg,img_000143.jpg,Anger,Dark,61.30871315002442,0.1964625788695979,0.6314614951635588,0.012090393721881568,88.74040985107422,88.74040985107422
frame_000045_face02.jpg,img_000144.jpg,Neutral,Dark,85.31287231445313,0.15509347597643455,0.5652593345534072,0.15567730571789867,85.68583679199219,85.68583679199219
frame_000046_face01.jpg,img_000149.jpg,Happiness,Dark,47.72794723510742,0.17721663501710322,0.7517393048880252,0.06341582115244639,93.05659484863281,93.05659484863281
frame_000046_face02.jpg,img_000150.jpg,Sadness,Dark,89.4348976135254,0.21404682004510736,0.5257845757455405,0.000837339611468685,85.1375732421875,85.1375732421875
frame_000046_face03.jpg,img_000151.jpg,Fear,Dark,87.28528137207032,0.03628851773541421,0.46494791163994437,0.06381130039385643,57.82535171508789,57.82535171508789
frame_000047_face01.jpg,img_000152.jpg,Surprise,Dark,95.30934600830078,0.24437694076103636,0.5506272751005094,0.31174449303380414,80.86591339111328,80.86591339111328
frame_000047_face03.jpg,img_000154.jpg,Anger,Dark,63.282988739013675,0.27122015111083453,0.5730488577869147,0.08066714201967179,52.22655487060547,52.22655487060547
frame_000048_face01.jpg,img_000155.jpg,Sadness,Medium-Dark,116.93506240844727,0.23772069401269166,0.525939038531617,0.14472859410920505,75.64307403564453,75.64307403564453
frame_000048_face02.jpg,img_000156.jpg,Anger,Medium-Dark,109.48904266357422,0.03773565109657705,0.6396632470701163,0.10153279163577582,55.446807861328125,55.446807861328125
frame_000048_face03.jpg,img_000157.jpg,Neutral,Medium-Dark,108.77554321289062,0.08239813708214289,0.5139374638997037,0.00964616210570737,37.459808349609375,37.459808349609375
frame_000049_face01.jpg,img_000159.jpg,Neutral,Dark,73.3959716796875,0.10343644189714078,0.5191745458344952,0.003919452022096055,51.58736801147461,51.58736801147461
frame_000049_face02.jpg,img_000160.jpg,Anger,Medium-Dark,129.82861785888673,0.042688705161508675,0.5303408772909148,0.03272955300329801,52.07313537597656,52.07313537597656
frame_000049_face03.jpg,img_000161.jpg,Fear,Medium-Dark,125.5068145751953,0.24401995069106233,0.4949952117547012,0.12462137112400101,65.30382537841797,65.30382537841797
frame_000050_face01.jpg,img_000164.jpg,Anger,Medium-Dark,136.06923065185546,0.03893220518264101,0.40714960356672636,0.0023027481680399724,48.93882369995117,48.93882369995117
frame_000050_face03.jpg,img_000166.jpg,Fear,Medium-Dark,115.9487060546875,0.22818743306291364,0.48743419223818346,0.2059100558269676,73.63729095458984,73.63729095458984
frame_000050_face04.jpg,img_000167.jpg,Fear,Medium-Dark,119.38770599365235,0.05482376678802164,0.6152983718519089,0.11992142918710373,41.91122817993164,41.91122817993164
frame_000051_face01.jpg,img_000168.jpg,Fear,Medium-Dark,108.50266036987304,0.21622477948167237,0.5456927509349356,0.11049845850727591,68.77128601074219,68.77128601074219
frame_000051_face02.jpg,img_000169.jpg,Anger,Dark,97.62290420532227,0.03673913291728284,0.5924433164515043,0.005188336121594848,66.81022644042969,66.81022644042969
frame_000051_face04.jpg,img_000171.jpg,Sadness,Medium-Dark,114.60739517211914,0.06918226662157018,0.608179335349604,0.018395610608132728,46.69349670410156,46.69349670410156
frame_000052_face01.jpg,img_000172.jpg,Neutral,Dark,99.69633102416992,0.10244622101955204,0.6353077099676699,0.030182416109632158,57.35844421386719,57.35844421386719
frame_000052_face02.jpg,img_000173.jpg,Fear,Medium-Dark,106.42757034301758,0.2045918130647089,0.6150452616563931,0.17850981215557699,70.05604553222656,70.05604553222656
frame_000053_face01.jpg,img_000176.jpg,Neutral,Medium-Dark,105.4726577758789,0.10116786577227457,0.6639916099296855,0.028543323572355263,63.769927978515625,63.769927978515625
frame_000053_face03.jpg,img_000178.jpg,Anger,Dark,86.19016723632812,0.1486687224615977,0.561523508935404,0.15411578592656575,68.94107818603516,68.94107818603516
frame_000056_face01.jpg,img_000187.jpg,Anger,Dark,61.697905731201175,0.05022461534778096,0.5049730144379977,0.003997565452474753,28.201101303100586,28.201101303100586
