filename,label,confidence
img_000001.jpg,Fear,0.3640106618404388
img_000002.jpg,Fear,0.4946691989898681
img_000003.jpg,Fear,0.3847854733467102
img_000004.jpg,Anger,0.410659909248352
img_000005.jpg,Fear,0.3392353057861328
img_000006.jpg,Fear,0.3695506155490875
img_000007.jpg,Fear,0.4469273388385772
img_000008.jpg,Fear,0.4117758572101593
img_000009.jpg,Anger,0.6550056338310242
img_000010.jpg,Fear,0.2665176391601562
img_000011.jpg,Fear,0.2827863693237304
img_000012.jpg,Fear,0.3498875200748443
img_000013.jpg,Surprise,0.2801920175552368
img_000014.jpg,Neutral,0.295952171087265
img_000015.jpg,Anger,0.7383133769035339
img_000016.jpg,Neutral,0.3889075815677643
img_000017.jpg,Neutral,0.3848195374011993
img_000018.jpg,Neutral,0.339282751083374
img_000019.jpg,Neutral,0.3275412321090698
img_000020.jpg,Fear,0.3174434304237366
img_000021.jpg,Fear,0.5537475347518921
img_000022.jpg,Fear,0.3226943612098694
img_000023.jpg,Anger,0.7133963704109192
img_000024.jpg,Neutral,0.5857545733451843
img_000025.jpg,Neutral,0.4962871074676513
img_000026.jpg,Neutral,0.6317963600158691
img_000027.jpg,Fear,0.3547409772872925
img_000028.jpg,Neutral,0.487064003944397
img_000029.jpg,Fear,0.2655965685844421
img_000030.jpg,Neutral,0.3216243088245392
img_000031.jpg,Fear,0.6515184044837952
img_000032.jpg,Sadness,0.3198249936103821
img_000033.jpg,Anger,0.5796404480934143
img_000034.jpg,Neutral,0.5658594965934753
img_000035.jpg,Neutral,0.4219227433204651
img_000036.jpg,Fear,0.3129487037658691
img_000037.jpg,Neutral,0.5254380702972412
img_000038.jpg,Neutral,0.587911069393158
img_000039.jpg,Anger,0.389705091714859
img_000040.jpg,Neutral,0.6725527048110962
img_000041.jpg,Fear,0.5901010632514954
img_000042.jpg,Anger,0.6042091846466064
img_000043.jpg,Neutral,0.7031798362731934
img_000044.jpg,Anger,0.3116330802440643
img_000045.jpg,Fear,0.3426758646965027
img_000046.jpg,Neutral,0.8765335083007812
img_000047.jpg,Fear,0.4716643095016479
img_000048.jpg,Neutral,0.41715207695961
img_000049.jpg,Fear,0.5430130362510681
img_000050.jpg,Anger,0.2300524264574051
img_000051.jpg,Fear,0.5440534353256226
img_000052.jpg,Neutral,0.8291656970977783
img_000053.jpg,Anger,0.2925716042518616
img_000054.jpg,Neutral,0.3521072268486023
img_000055.jpg,Fear,0.4936074614524841
img_000056.jpg,Anger,0.629966139793396
img_000057.jpg,Neutral,0.4256456792354584
img_000058.jpg,Fear,0.5083793997764587
img_000059.jpg,Neutral,0.5867440700531006
img_000060.jpg,Neutral,0.5347384810447693
img_000061.jpg,Fear,0.3795456290245056
img_000062.jpg,Fear,0.2413635104894638
img_000063.jpg,Neutral,0.4642916023731231
img_000064.jpg,Anger,0.6665429472923279
img_000065.jpg,Neutral,0.3493119478225708
img_000066.jpg,Neutral,0.3022985160350799
img_000067.jpg,Fear,0.4008012115955353
img_000068.jpg,Fear,0.4037562608718872
img_000069.jpg,Fear,0.445494681596756
img_000070.jpg,Neutral,0.364404946565628
img_000071.jpg,Neutral,0.6249127984046936
img_000072.jpg,Neutral,0.375227153301239
img_000073.jpg,Anger,0.7273088097572327
img_000074.jpg,Neutral,0.7291420698165894
img_000075.jpg,Fear,0.3770986199378967
img_000076.jpg,Fear,0.2808180749416351
img_000077.jpg,Fear,0.3643901646137237
img_000078.jpg,Anger,0.4254337251186371
img_000079.jpg,Fear,0.3647330999374389
img_000080.jpg,Neutral,0.6546310186386108
img_000081.jpg,Anger,0.8281168341636658
img_000082.jpg,Fear,0.2725490033626556
img_000083.jpg,Fear,0.2796303331851959
img_000084.jpg,Neutral,0.7131437659263611
img_000085.jpg,Neutral,0.345529705286026
img_000086.jpg,Neutral,0.2749575078487396
img_000087.jpg,Neutral,0.6566343903541565
img_000088.jpg,Anger,0.7870581746101379
img_000089.jpg,Fear,0.4056791067123413
img_000090.jpg,Neutral,0.2383406311273574
img_000091.jpg,Fear,0.3263991475105285
img_000092.jpg,Fear,0.4043825566768646
img_000093.jpg,Neutral,0.285982608795166
img_000094.jpg,Neutral,0.3801154494285583
img_000095.jpg,Neutral,0.4431901276111603
img_000096.jpg,Fear,0.3588604927062988
img_000097.jpg,Anger,0.8020020723342896
img_000098.jpg,Fear,0.2920142412185669
img_000099.jpg,Neutral,0.645213782787323
img_000100.jpg,Fear,0.3225032687187195
img_000101.jpg,Fear,0.3563085496425628
img_000102.jpg,Fear,0.408665657043457
img_000103.jpg,Neutral,0.3086533844470978
img_000104.jpg,Fear,0.488166481256485
img_000105.jpg,Fear,0.3600398302078247
img_000106.jpg,Sadness,0.5702099204063416
img_000107.jpg,Anger,0.8874289989471436
img_000108.jpg,Anger,0.8098167181015015
img_000109.jpg,Fear,0.4573168158531189
img_000110.jpg,Sadness,0.4025430977344513
img_000111.jpg,Anger,0.8072654008865356
img_000112.jpg,Anger,0.6103000044822693
img_000113.jpg,Anger,0.6088159084320068
img_000114.jpg,Anger,0.6927626729011536
img_000115.jpg,Anger,0.7620902061462402
img_000116.jpg,Neutral,0.410230815410614
img_000117.jpg,Happiness,0.5626769661903381
img_000118.jpg,Neutral,0.5506024360656738
img_000119.jpg,Anger,0.2730080187320709
img_000120.jpg,Neutral,0.4373355209827423
img_000121.jpg,Neutral,0.4020067453384399
img_000122.jpg,Neutral,0.2420837581157684
img_000123.jpg,Neutral,0.470935583114624
img_000124.jpg,Neutral,0.1956970691680908
img_000125.jpg,Fear,0.3032763600349426
img_000126.jpg,Fear,0.5092054009437561
img_000127.jpg,Neutral,0.5709066390991211
img_000128.jpg,Neutral,0.5393256545066833
img_000129.jpg,Happiness,0.2594208121299743
img_000130.jpg,Anger,0.6400585174560547
img_000131.jpg,Neutral,0.8192980289459229
img_000132.jpg,Fear,0.3031559288501739
img_000133.jpg,Happiness,0.2875918745994568
img_000134.jpg,Anger,0.584554135799408
img_000135.jpg,Neutral,0.3460755050182342
img_000136.jpg,Neutral,0.6696192026138306
img_000137.jpg,Neutral,0.2881143689155578
img_000138.jpg,Happiness,0.6928378939628601
img_000139.jpg,Neutral,0.7959740161895752
img_000140.jpg,Neutral,0.4389764964580536
img_000141.jpg,Fear,0.4602276086807251
img_000142.jpg,Fear,0.3390260934829712
img_000143.jpg,Anger,0.793049156665802
img_000144.jpg,Neutral,0.3913673162460327
img_000145.jpg,Neutral,0.8003479242324829
img_000146.jpg,Fear,0.2961457967758178
img_000147.jpg,Neutral,0.3207190036773681
img_000148.jpg,Neutral,0.3342585861682892
img_000149.jpg,Happiness,0.4841540455818176
img_000150.jpg,Sadness,0.6949756741523743
img_000151.jpg,Fear,0.3728485107421875
img_000152.jpg,Surprise,0.4649918377399444
img_000153.jpg,Anger,0.320498913526535
img_000154.jpg,Anger,0.3954704999923706
img_000155.jpg,Sadness,0.4958437383174896
img_000156.jpg,Anger,0.4194007813930511
img_000157.jpg,Neutral,0.5869643688201904
img_000158.jpg,Neutral,0.2754034101963043
img_000159.jpg,Neutral,0.7486696243286133
img_000160.jpg,Anger,0.8031722903251648
img_000161.jpg,Fear,0.4744936227798462
img_000162.jpg,Fear,0.2893412709236145
img_000163.jpg,Fear,0.5439578294754028
img_000164.jpg,Anger,0.5361770987510681
img_000165.jpg,Sadness,0.3060508370399475
img_000166.jpg,Fear,0.3449729382991791
img_000167.jpg,Fear,0.4664841890335083
img_000168.jpg,Fear,0.3005230724811554
img_000169.jpg,Anger,0.7702388167381287
img_000170.jpg,Anger,0.8004531264305115
img_000171.jpg,Sadness,0.3672309815883636
img_000172.jpg,Neutral,0.7154064178466797
img_000173.jpg,Fear,0.7057865858078003
img_000174.jpg,Anger,0.6511243581771851
img_000175.jpg,Fear,0.4561261534690857
img_000176.jpg,Neutral,0.6394184827804565
img_000177.jpg,Anger,0.5470477938652039
img_000178.jpg,Anger,0.316899687051773
img_000179.jpg,Anger,0.3711251318454742
img_000180.jpg,Neutral,0.2928327322006225
img_000181.jpg,Neutral,0.6712340116500854
img_000182.jpg,Neutral,0.8131362795829773
img_000183.jpg,Neutral,0.4076705276966095
img_000184.jpg,Neutral,0.4385163784027099
img_000185.jpg,Anger,0.3319407105445862
img_000186.jpg,Neutral,0.5854470133781433
img_000187.jpg,Anger,0.767557680606842
img_000188.jpg,Neutral,0.2707089185714721
img_000189.jpg,Fear,0.2366164028644561
img_000190.jpg,Fear,0.2266502827405929
img_000191.jpg,Fear,0.2209535539150238
img_000192.jpg,Neutral,0.2768793404102325
img_000193.jpg,Fear,0.2736148238182068
img_000194.jpg,Fear,0.2845379412174225
img_000195.jpg,Fear,0.2513240873813629
img_000196.jpg,Fear,0.3859975934028625
img_000197.jpg,Neutral,0.2415104061365127
img_000198.jpg,Fear,0.2174804657697677
img_000199.jpg,Neutral,0.3324467241764068
img_000200.jpg,Surprise,0.2325886189937591
img_000201.jpg,Neutral,0.4268768429756164
img_000202.jpg,Fear,0.3097121119499206
img_000203.jpg,Neutral,0.3445844650268554
img_000204.jpg,Fear,0.2756604254245758
img_000205.jpg,Neutral,0.4476163685321808
img_000206.jpg,Fear,0.3446196317672729
img_000207.jpg,Fear,0.3465616405010223
img_000208.jpg,Fear,0.2602725327014923
img_000209.jpg,Neutral,0.5158459544181824
img_000210.jpg,Neutral,0.2416611611843109
img_000211.jpg,Fear,0.3839154541492462
img_000212.jpg,Fear,0.2495110034942627
img_000213.jpg,Fear,0.2644489109516144
img_000214.jpg,Fear,0.3155317008495331
img_000215.jpg,Neutral,0.3729436993598938
img_000216.jpg,Neutral,0.2858260571956634
img_000217.jpg,Fear,0.442896693944931
img_000218.jpg,Neutral,0.527949869632721
img_000219.jpg,Neutral,0.7615244388580322
img_000220.jpg,Fear,0.414587527513504
img_000221.jpg,Fear,0.3240342736244201
img_000222.jpg,Neutral,0.3976773023605346
img_000223.jpg,Fear,0.3104594051837921
img_000224.jpg,Neutral,0.4261296689510345
img_000225.jpg,Neutral,0.5927557945251465
img_000226.jpg,Fear,0.3316691517829895
img_000227.jpg,Neutral,0.34334197640419
